{"band_mean": [429.2573547363281, 791.2632446289062, 827.0922241210938, 2271.552001953125, 2800.8720703125], "band_std": [375.9949951171875, 452.7305908203125, 659.0585327148438, 753.6709594726562, 1010.9955444335938]}