{
  "ms_mean": [
    429.23663330078125,
    791.2593994140625,
    827.1002197265625,
    2271.422119140625,
    2801.115966796875
  ],
  "ms_std": [
    375.6599426269531,
    452.2688903808594,
    658.6807250976562,
    753.1180419921875,
    1010.2273559570312
  ],
  "hs_mean": [
    451.5459289550781,
    462.7996520996094,
    475.6584777832031,
    493.5795593261719,
    513.4112548828125,
    537.696533203125,
    567.4555053710938,
    601.3550415039062,
    635.7805786132812,
    665.77392578125,
    694.05322265625,
    718.3118286132812,
    738.4454956054688,
    757.4749755859375,
    775.828857421875,
    791.2708129882812,
    802.3706665039062,
    809.5459594726562,
    813.11279296875,
    813.7994995117188,
    814.2108154296875,
    814.374267578125,
    815.6744995117188,
    817.8611450195312,
    821.2135009765625,
    824.808837890625,
    828.7926025390625,
    831.3377685546875,
    832.6777954101562,
    832.7853393554688,
    831.2074584960938,
    830.7471313476562,
    830.5706787109375,
    831.4096069335938,
    833.3461303710938,
    833.8284301757812,
    833.9315185546875,
    832.7574462890625,
    831.5839233398438,
    829.0901489257812,
    827.0978393554688,
    824.5737915039062,
    823.4109497070312,
    823.62646484375,
    825.7027587890625,
    829.404296875,
    836.6041259765625,
    849.6177978515625,
    871.5906372070312,
    906.104736328125,
    954.3914794921875,
    1017.4813842773438,
    1094.4693603515625,
    1179.231201171875,
    1271.1341552734375,
    1372.1158447265625,
    1482.590087890625,
    1605.6502685546875,
    1739.05224609375,
    1878.5604248046875,
    2017.891845703125,
    2150.262451171875,
    2271.55859375,
    2378.898681640625,
    2465.490966796875,
    2535.639892578125,
    2590.9716796875,
    2637.427978515625,
    2674.93994140625,
    2704.935546875,
    2731.466064453125,
    2754.335693359375,
    2774.385498046875,
    2788.702880859375,
    2799.903564453125,
    2807.1650390625,
    2812.222412109375,
    2815.312255859375,
    2816.740478515625,
    2816.357177734375,
    2815.2763671875,
    2812.797119140625,
    2810.222412109375,
    2807.24365234375,
    2804.58056640625,
    2802.563232421875,
    2800.8798828125,
    2799.289306640625,
    2798.366455078125,
    2796.86865234375,
    2795.892333984375,
    2793.670654296875,
    2790.225341796875,
    2786.66162109375,
    2781.650390625,
    2775.9736328125,
    2768.657470703125,
    2759.839111328125,
    2750.09521484375,
    2739.079833984375
  ],
  "hs_std": [
    382.1752014160156,
    388.8700256347656,
    392.33599853515625,
    397.46331787109375,
    401.6531677246094,
    402.9327392578125,
    403.0508117675781,
    402.30987548828125,
    406.15728759765625,
    406.31549072265625,
    412.08148193359375,
    416.2217712402344,
    421.2867736816406,
    429.0953674316406,
    438.3592529296875,
    447.534423828125,
    457.1562805175781,
    469.51470947265625,
    481.81219482421875,
    494.98663330078125,
    507.7043762207031,
    520.8950805664062,
    532.7778930664062,
    544.4625244140625,
    553.8328247070312,
    561.838623046875,
    569.8445434570312,
    576.789794921875,
    583.8450317382812,
    590.3432006835938,
    596.906494140625,
    603.0665283203125,
    609.3088989257812,
    614.6949462890625,
    620.6099853515625,
    625.4429931640625,
    631.3470458984375,
    636.85498046875,
    643.6602172851562,
    649.1679077148438,
    654.4869384765625,
    659.8927001953125,
    665.267578125,
    671.250244140625,
    676.5147705078125,
    681.1317138671875,
    683.525146484375,
    683.4905395507812,
    681.0680541992188,
    674.5079345703125,
    661.964599609375,
    646.2207641601562,
    628.6884155273438,
    611.2574462890625,
    593.7590942382812,
    579.8767700195312,
    570.817626953125,
    568.2444458007812,
    577.8079833984375,
    600.92333984375,
    637.2217407226562,
    681.9127197265625,
    730.7948608398438,
    779.7367553710938,
    822.1566162109375,
    859.1848754882812,
    889.14306640625,
    913.678955078125,
    932.490478515625,
    946.430908203125,
    958.0460815429688,
    967.5652465820312,
    974.6377563476562,
    980.4256591796875,
    984.7509155273438,
    987.3134765625,
    988.6152954101562,
    989.69970703125,
    989.7557373046875,
    989.4762573242188,
    988.9595336914062,
    988.0401000976562,
    986.9307250976562,
    985.367431640625,
    984.8281860351562,
    984.3272094726562,
    983.9280395507812,
    983.8353271484375,
    983.5865478515625,
    983.5905151367188,
    983.4358520507812,
    983.2579956054688,
    982.2357177734375,
    980.9307861328125,
    979.5547485351562,
    977.9970092773438,
    976.8076782226562,
    973.8561401367188,
    970.9700317382812,
    967.6099243164062
  ],
  "rgb_mean": [
    113.31571197509766,
    120.45499420166016,
    115.07188415527344
  ],
  "rgb_std": [
    66.54706573486328,
    65.11013793945312,
    66.24613952636719
  ]
}