{"band_mean": [429.23663330078125, 791.2593994140625, 827.1002197265625, 2271.422119140625, 2801.115966796875], "band_std": [375.6599426269531, 452.2688903808594, 658.6807250976562, 753.1180419921875, 1010.2273559570312]}